Workbook

Sheet Team Assignments
A1: Team | B1: Name | C1: Location | D1: Role / Company | E1: Used GitHub? | F1: GitHub | G1: Excel | H1: Claude | I1: ChatGPT | J1: Gemini | K1: Notes
A2: 1 | B2: Markeiz Ryan | C2: HCMC | D2: English instructor, Vietnamese Learning Center | E2: Yes | F2: Moderate | G2: Moderate | H2: Beginner | I2: Expert | J2: Expert | K2: ⭐ GitHub anchor; AI expert
A3: 1 | B3: Phuc Truong | C3: HCMC | D3: Managing Director, FPT Software | E3: No | F3: — | G3: Beginner | H3: Beginner | I3: Beginner | J3: Beginner | K3: Excel beginner — pair with mentor
A4: 1 | B4: Linh Nguyen | C4: HCMC | D4: Senior Manager, Operations Planning, Prudential VN | E4: No | F4: — | G4: Moderate | H4: Moderate | I4: Moderate | J4: Moderate
A5: 1 | B5: Manh Thai Nguyen | C5: Hanoi | D5: Branch Manager, TP Bank - Hoang Mai | E5: No | F5: — | G5: Moderate | H5: — | I5: Beginner | J5: Moderate
A6: 1 | B6: Hiep Tran | C6: Hanoi | D6: Head of Planning, Military Commercial Bank | E6: — | F6: — | G6: — | H6: — | I6: — | J6: — | K6: No skills survey
A7: 1 | B7: Mai Phan | C7: HCMC | D7: Chief of Staff, BOD Operations, PNJ Group | E7: — | F7: — | G7: — | H7: — | I7: — | J7: — | K7: No skills survey
A8: 2 | B8: Duy Nguyen | C8: Hawaii | D8: Administrative Assistant, Bank of Hawaii Trust RE | E8: Yes | F8: Beginner | G8: Moderate | H8: Beginner | I8: Beginner | J8: Beginner | K8: ⭐ GitHub anchor
A9: 2 | B9: Thuy Ha | C9: HCMC | D9: Unit Supply Specialist, DOD | E9: No | F9: Beginner | G9: Moderate | H9: Moderate | I9: Expert | J9: Expert | K9: AI expert
A10: 2 | B10: Hien Cam | C10: HCMC | D10: CEO and Founder, SAGOMED | E10: No | F10: — | G10: Beginner | H10: Beginner | I10: Beginner | J10: Beginner | K10: Excel beginner — pair with mentor
A11: 2 | B11: Nghiep Ha | C11: HCMC | D11: Export-Import Manager, Nestle Vietnam | E11: No | F11: — | G11: Moderate | H11: Moderate | I11: Moderate | J11: Moderate
A12: 2 | B12: Chieu Chu | C12: Hanoi | D12: VP & Director Global Healthcare, FPT Software | E12: — | F12: — | G12: — | H12: — | I12: — | J12: — | K12: No skills survey
A13: 2 | B13: Thong Pham | C13: HCMC | D13: Marketing Director, VNG Group | E13: — | F13: — | G13: — | H13: — | I13: — | J13: — | K13: No skills survey
A14: 3 | B14: Taylor Blasco | C14: Hanoi | D14: Staff Sergeant E-5, U.S. Air Force (Aircrew Egress) | E14: Yes | F14: Beginner | G14: Beginner | H14: Beginner | I14: Moderate | J14: Beginner | K14: ⭐ GitHub anchor; Excel beginner — pair with mentor
A15: 3 | B15: Phuong Luong | C15: HCMC | D15: Chief of Technology, FPT Play | E15: No | F15: Beginner | G15: Moderate | H15: Moderate | I15: Moderate | J15: Expert | K15: AI expert
A16: 3 | B16: Truc Pham | C16: HCMC | D16: Chief Finance Officer, VN Software Dev Center (NAB) | E16: No | F16: — | G16: Moderate | H16: Beginner | I16: Beginner | J16: Beginner
A17: 3 | B17: Hai Dang | C17: HCMC | D17: Head of People Experience, SKF Group | E17: No | F17: — | G17: Moderate | H17: — | I17: Moderate | J17: Moderate
A18: 3 | B18: Ngoc Cao | C18: HCMC | D18: Chief Design Officer, QICKCOM | E18: — | F18: — | G18: — | H18: — | I18: — | J18: — | K18: No skills survey
A19: 3 | B19: Minh Hoang | C19: HCMC | D19: Director of Operations and Platform, FEBE Ventures | E19: — | F19: — | G19: — | H19: — | I19: — | J19: — | K19: No skills survey
A20: 4 | B20: Khanh Phan | C20: HCMC | D20: General Accountant, Indochina Kajima Development | E20: Yes | F20: — | G20: Moderate | H20: — | I20: Beginner | J20: Moderate | K20: ⭐ GitHub anchor
A21: 4 | B21: Tan Tran | C21: HCMC | D21: Managing Partner, LT Capital Partners (Singapore) | E21: No | F21: Beginner | G21: Beginner | H21: Moderate | I21: Moderate | J21: Moderate | K21: Excel beginner — pair with mentor
A22: 4 | B22: Phuong Anh Nguyen | C22: HCMC | D22: Product Management Manager, VinGroup | E22: No | F22: Beginner | G22: Moderate | H22: Beginner | I22: Beginner | J22: Moderate
A23: 4 | B23: Thao Nguyen | C23: HCMC | D23: Head of Commercial Marketing, Lenovo Vietnam | E23: No | F23: Beginner | G23: Moderate | H23: Beginner | I23: Moderate | J23: Moderate
A24: 4 | B24: Lan Anh Nguyen | C24: Hanoi | D24: Director, Global Service Provider BU, CMC Telecom | E24: No | F24: — | G24: Moderate | H24: Beginner | I24: Moderate | J24: Beginner

Sheet Team Summary
A1: Team | B1: Size | C1: Used GitHub (Yes) | D1: Excel ≥ Mod | E1: Claude ≥ Mod | F1: ChatGPT ≥ Mod | G1: Gemini ≥ Mod | H1: AI Experts | I1: Locations
A2: 1 | B2: =COUNTIF('Team Assignments'!A2:A24,1) -> 6 | C2: =COUNTIFS('Team Assignments'!A2:A24,1,'Team Assignments'!E2:E24,"Yes") -> 1 | D2: =COUNTIFS('Team Assignments'!A2:A24,1,'Team Assignments'!G2:G24,"Moderate")+COUNTIFS('Team Assignments'!A2:A24,1,'Team Assignments'!G2:G24,"Expert") -> 3 | E2: =COUNTIFS('Team Assignments'!A2:A24,1,'Team Assignments'!H2:H24,"Moderate")+COUNTIFS('Team Assignments'!A2:A24,1,'Team Assignments'!H2:H24,"Expert") -> 1 | F2: =COUNTIFS('Team Assignments'!A2:A24,1,'Team Assignments'!I2:I24,"Moderate")+COUNTIFS('Team Assignments'!A2:A24,1,'Team Assignments'!I2:I24,"Expert") -> 2 | G2: =COUNTIFS('Team Assignments'!A2:A24,1,'Team Assignments'!J2:J24,"Moderate")+COUNTIFS('Team Assignments'!A2:A24,1,'Team Assignments'!J2:J24,"Expert") -> 3 | H2: =SUMPRODUCT(('Team Assignments'!A2:A24=1)*(('Team Assignments'!I2:I24="Expert")+('Team Assignments'!J2:J24="Expert")>0)) -> 1 | I2: =COUNTIFS('Team Assignments'!A2:A24,1,'Team Assignments'!C2:C24,"Hanoi")&" Hanoi / "&COUNTIFS('Team Assignments'!A2:A24,1,'Team Assignments'!C2:C24,"HCMC")&" HCMC / "&COUNTIFS('Team Assignments'!A2:A24,1,'Team Assignments'!C2:C24,"Hawaii")&" Hawaii" -> 2 Hanoi / 4 HCMC / 0 Hawaii
A3: 2 | B3: =COUNTIF('Team Assignments'!A2:A24,2) -> 6 | C3: =COUNTIFS('Team Assignments'!A2:A24,2,'Team Assignments'!E2:E24,"Yes") -> 1 | D3: =COUNTIFS('Team Assignments'!A2:A24,2,'Team Assignments'!G2:G24,"Moderate")+COUNTIFS('Team Assignments'!A2:A24,2,'Team Assignments'!G2:G24,"Expert") -> 3 | E3: =COUNTIFS('Team Assignments'!A2:A24,2,'Team Assignments'!H2:H24,"Moderate")+COUNTIFS('Team Assignments'!A2:A24,2,'Team Assignments'!H2:H24,"Expert") -> 2 | F3: =COUNTIFS('Team Assignments'!A2:A24,2,'Team Assignments'!I2:I24,"Moderate")+COUNTIFS('Team Assignments'!A2:A24,2,'Team Assignments'!I2:I24,"Expert") -> 2 | G3: =COUNTIFS('Team Assignments'!A2:A24,2,'Team Assignments'!J2:J24,"Moderate")+COUNTIFS('Team Assignments'!A2:A24,2,'Team Assignments'!J2:J24,"Expert") -> 2 | H3: =SUMPRODUCT(('Team Assignments'!A2:A24=2)*(('Team Assignments'!I2:I24="Expert")+('Team Assignments'!J2:J24="Expert")>0)) -> 1 | I3: =COUNTIFS('Team Assignments'!A2:A24,2,'Team Assignments'!C2:C24,"Hanoi")&" Hanoi / "&COUNTIFS('Team Assignments'!A2:A24,2,'Team Assignments'!C2:C24,"HCMC")&" HCMC / "&COUNTIFS('Team Assignments'!A2:A24,2,'Team Assignments'!C2:C24,"Hawaii")&" Hawaii" -> 1 Hanoi / 4 HCMC / 1 Hawaii
A4: 3 | B4: =COUNTIF('Team Assignments'!A2:A24,3) -> 6 | C4: =COUNTIFS('Team Assignments'!A2:A24,3,'Team Assignments'!E2:E24,"Yes") -> 1 | D4: =COUNTIFS('Team Assignments'!A2:A24,3,'Team Assignments'!G2:G24,"Moderate")+COUNTIFS('Team Assignments'!A2:A24,3,'Team Assignments'!G2:G24,"Expert") -> 3 | E4: =COUNTIFS('Team Assignments'!A2:A24,3,'Team Assignments'!H2:H24,"Moderate")+COUNTIFS('Team Assignments'!A2:A24,3,'Team Assignments'!H2:H24,"Expert") -> 1 | F4: =COUNTIFS('Team Assignments'!A2:A24,3,'Team Assignments'!I2:I24,"Moderate")+COUNTIFS('Team Assignments'!A2:A24,3,'Team Assignments'!I2:I24,"Expert") -> 3 | G4: =COUNTIFS('Team Assignments'!A2:A24,3,'Team Assignments'!J2:J24,"Moderate")+COUNTIFS('Team Assignments'!A2:A24,3,'Team Assignments'!J2:J24,"Expert") -> 2 | H4: =SUMPRODUCT(('Team Assignments'!A2:A24=3)*(('Team Assignments'!I2:I24="Expert")+('Team Assignments'!J2:J24="Expert")>0)) -> 1 | I4: =COUNTIFS('Team Assignments'!A2:A24,3,'Team Assignments'!C2:C24,"Hanoi")&" Hanoi / "&COUNTIFS('Team Assignments'!A2:A24,3,'Team Assignments'!C2:C24,"HCMC")&" HCMC / "&COUNTIFS('Team Assignments'!A2:A24,3,'Team Assignments'!C2:C24,"Hawaii")&" Hawaii" -> 1 Hanoi / 5 HCMC / 0 Hawaii
A5: 4 | B5: =COUNTIF('Team Assignments'!A2:A24,4) -> 5 | C5: =COUNTIFS('Team Assignments'!A2:A24,4,'Team Assignments'!E2:E24,"Yes") -> 1 | D5: =COUNTIFS('Team Assignments'!A2:A24,4,'Team Assignments'!G2:G24,"Moderate")+COUNTIFS('Team Assignments'!A2:A24,4,'Team Assignments'!G2:G24,"Expert") -> 4 | E5: =COUNTIFS('Team Assignments'!A2:A24,4,'Team Assignments'!H2:H24,"Moderate")+COUNTIFS('Team Assignments'!A2:A24,4,'Team Assignments'!H2:H24,"Expert") -> 1 | F5: =COUNTIFS('Team Assignments'!A2:A24,4,'Team Assignments'!I2:I24,"Moderate")+COUNTIFS('Team Assignments'!A2:A24,4,'Team Assignments'!I2:I24,"Expert") -> 3 | G5: =COUNTIFS('Team Assignments'!A2:A24,4,'Team Assignments'!J2:J24,"Moderate")+COUNTIFS('Team Assignments'!A2:A24,4,'Team Assignments'!J2:J24,"Expert") -> 4 | H5: =SUMPRODUCT(('Team Assignments'!A2:A24=4)*(('Team Assignments'!I2:I24="Expert")+('Team Assignments'!J2:J24="Expert")>0)) -> 0 | I5: =COUNTIFS('Team Assignments'!A2:A24,4,'Team Assignments'!C2:C24,"Hanoi")&" Hanoi / "&COUNTIFS('Team Assignments'!A2:A24,4,'Team Assignments'!C2:C24,"HCMC")&" HCMC / "&COUNTIFS('Team Assignments'!A2:A24,4,'Team Assignments'!C2:C24,"Hawaii")&" Hawaii" -> 1 Hanoi / 4 HCMC / 0 Hawaii

Sheet Methodology
A1: BUS-629 Team Assignments — Methodology
A3: Source data: ignore/BUS-629 Roster.xlsx — 'Form Responses 1' (skills survey) and 'Sheet2' (full roster).
A4: 17 of 23 students filled the skills survey. Six non-respondents were placed by name and location only.
A6: Constraints applied (in priority order):
A7: 1. Each team gets exactly one of the four students who have used GitHub before (Markeiz, Duy, Taylor, Khanh).
A8: 2. Each team gets exactly one of the four self-described Excel Beginners (Phuc, Hien, Taylor, Tan), paired with ≥2 Moderates.
A9: 3. The three AI Experts (Markeiz, Thuy, Phuong) are spread across three teams; Team 4 is balanced through all-Moderate AI users.
A10: 4. Each team has at least one student rated Moderate in Claude (the weakest tool overall — no one self-rated Expert).
A11: 5. Hanoi / HCMC / Hawaii location mix balanced where possible.
A13: Limitations:
A14: - Six students have no skills data (highlighted gray). Re-evaluate team balance after they submit the survey.
A15: - No student rated themselves Expert in GitHub, Excel, or Claude — instructor support recommended on these tools.
A16: - Self-reported comfort levels only; no skills test was administered.
