Workbook

Sheet Inputs
A1: Inputs (blue = typed)
A3: Price per plate ($) | B3: 14
A4: Daily fixed cost ($) | B4: 300
A6: Source: data/README.md (illustrative values)

Sheet Data
A1: Batch | B1: Plates in batch | C1: Batch variable cost ($)
A2: 1 | B2: 20 | C2: 120
A3: 2 | B3: 20 | C3: 110
A4: 3 | B4: 20 | C4: 105
A5: 4 | B5: 20 | C5: 110
A6: 5 | B6: 20 | C6: 130
A7: 6 | B7: 20 | C7: 160
A8: 7 | B8: 20 | C8: 200
A9: 8 | B9: 20 | C9: 250
A10: 9 | B10: 20 | C10: 310
A11: 10 | B11: 20 | C11: 380
A13: Source: data/prep-batch-costs.csv

Sheet Model
A1: Batch | B1: Q (plates) | C1: TVC ($) | D1: TC ($) | E1: TR ($) | F1: Profit ($) | G1: MC / plate ($) | H1: MR / plate ($) | I1: Signal
A2: =Data!A2 -> 1 | B2: =Data!B2 -> 20 | C2: =Data!C2 -> 120 | D2: =Inputs!$B$4+C2 -> 420 | E2: =Inputs!$B$3*B2 -> 280 | F2: =E2-D2 -> -140 | G2: =Data!C2/Data!B2 -> 6 | H2: =Inputs!$B$3 -> 14 | I2: =IF(H2>=G2,"Produce","Stop") -> Produce
A3: =Data!A3 -> 2 | B3: =B2+Data!B3 -> 40 | C3: =C2+Data!C3 -> 230 | D3: =Inputs!$B$4+C3 -> 530 | E3: =Inputs!$B$3*B3 -> 560 | F3: =E3-D3 -> 30 | G3: =Data!C3/Data!B3 -> 5.5 | H3: =Inputs!$B$3 -> 14 | I3: =IF(H3>=G3,"Produce","Stop") -> Produce
A4: =Data!A4 -> 3 | B4: =B3+Data!B4 -> 60 | C4: =C3+Data!C4 -> 335 | D4: =Inputs!$B$4+C4 -> 635 | E4: =Inputs!$B$3*B4 -> 840 | F4: =E4-D4 -> 205 | G4: =Data!C4/Data!B4 -> 5.25 | H4: =Inputs!$B$3 -> 14 | I4: =IF(H4>=G4,"Produce","Stop") -> Produce
A5: =Data!A5 -> 4 | B5: =B4+Data!B5 -> 80 | C5: =C4+Data!C5 -> 445 | D5: =Inputs!$B$4+C5 -> 745 | E5: =Inputs!$B$3*B5 -> 1120 | F5: =E5-D5 -> 375 | G5: =Data!C5/Data!B5 -> 5.5 | H5: =Inputs!$B$3 -> 14 | I5: =IF(H5>=G5,"Produce","Stop") -> Produce
A6: =Data!A6 -> 5 | B6: =B5+Data!B6 -> 100 | C6: =C5+Data!C6 -> 575 | D6: =Inputs!$B$4+C6 -> 875 | E6: =Inputs!$B$3*B6 -> 1400 | F6: =E6-D6 -> 525 | G6: =Data!C6/Data!B6 -> 6.5 | H6: =Inputs!$B$3 -> 14 | I6: =IF(H6>=G6,"Produce","Stop") -> Produce
A7: =Data!A7 -> 6 | B7: =B6+Data!B7 -> 120 | C7: =C6+Data!C7 -> 735 | D7: =Inputs!$B$4+C7 -> 1035 | E7: =Inputs!$B$3*B7 -> 1680 | F7: =E7-D7 -> 645 | G7: =Data!C7/Data!B7 -> 8 | H7: =Inputs!$B$3 -> 14 | I7: =IF(H7>=G7,"Produce","Stop") -> Produce
A8: =Data!A8 -> 7 | B8: =B7+Data!B8 -> 140 | C8: =C7+Data!C8 -> 935 | D8: =Inputs!$B$4+C8 -> 1235 | E8: =Inputs!$B$3*B8 -> 1960 | F8: =E8-D8 -> 725 | G8: =Data!C8/Data!B8 -> 10 | H8: =Inputs!$B$3 -> 14 | I8: =IF(H8>=G8,"Produce","Stop") -> Produce
A9: =Data!A9 -> 8 | B9: =B8+Data!B9 -> 160 | C9: =C8+Data!C9 -> 1185 | D9: =Inputs!$B$4+C9 -> 1485 | E9: =Inputs!$B$3*B9 -> 2240 | F9: =E9-D9 -> 755 | G9: =Data!C9/Data!B9 -> 12.5 | H9: =Inputs!$B$3 -> 14 | I9: =IF(H9>=G9,"Produce","Stop") -> Produce
A10: =Data!A10 -> 9 | B10: =B9+Data!B10 -> 180 | C10: =C9+Data!C10 -> 1495 | D10: =Inputs!$B$4+C10 -> 1795 | E10: =Inputs!$B$3*B10 -> 2520 | F10: =E10-D10 -> 725 | G10: =Data!C10/Data!B10 -> 15.5 | H10: =Inputs!$B$3 -> 14 | I10: =IF(H10>=G10,"Produce","Stop") -> Stop
A11: =Data!A11 -> 10 | B11: =B10+Data!B11 -> 200 | C11: =C10+Data!C11 -> 1875 | D11: =Inputs!$B$4+C11 -> 2175 | E11: =Inputs!$B$3*B11 -> 2800 | F11: =E11-D11 -> 625 | G11: =Data!C11/Data!B11 -> 19 | H11: =Inputs!$B$3 -> 14 | I11: =IF(H11>=G11,"Produce","Stop") -> Stop
A13: Summary
A14: Q* (max profit) | B14: =INDEX(B2:B11,MATCH(MAX(F2:F11),F2:F11,0)) -> 160
A15: Profit at Q* | B15: =MAX(F2:F11) -> 755
A16: Q* (MR >= MC rule) | B16: =SUMIF(I2:I11,"Produce",Data!B2:B11) -> 160
A17: Rules agree? | B17: =IF(B14=B16,"Yes","CHECK") -> Yes
